image_name,peak,sigma_est,sigma_multiplier,anscombe_transform,filter,psnr_noisy,ssim_noisy,psnr_denoised,ssim_denoised
ct3.png,13000,7.606771881293109,0.01,True,nlmeans,22.886015601190323,0.846495946653567,22.886020057838195,0.8464967029428192
ct3.png,13000,7.606771881293109,0.01,True,bm3d,22.886015601190323,0.846495946653567,22.886122462962465,0.8465006565697804
ct3.png,13000,7.606771881293109,0.015,True,nlmeans,22.886015601190323,0.846495946653567,22.88605734530458,0.8465003033710146
ct3.png,13000,7.606771881293109,0.015,True,bm3d,22.886015601190323,0.846495946653567,22.88548187640156,0.8467997314280771
ct3.png,13000,7.606771881293109,0.019999999999999997,True,nlmeans,22.886015601190323,0.846495946653567,22.8860329326244,0.8465031702836084
ct3.png,13000,7.606771881293109,0.019999999999999997,True,bm3d,22.886015601190323,0.846495946653567,22.882554117883448,0.8479784029889887
ct3.png,13000,7.606771881293109,0.024999999999999998,True,nlmeans,22.886015601190323,0.846495946653567,22.885057726104666,0.8465627851041587
ct3.png,13000,7.606771881293109,0.024999999999999998,True,bm3d,22.886015601190323,0.846495946653567,22.88940600513152,0.8493133298582665
ct3.png,13000,7.606771881293109,0.03,True,nlmeans,22.886015601190323,0.846495946653567,22.882317269172585,0.8472047086360469
ct3.png,13000,7.606771881293109,0.03,True,bm3d,22.886015601190323,0.846495946653567,22.908890993164455,0.8511788134903151
ct3.png,13000,7.606771881293109,0.034999999999999996,True,nlmeans,22.886015601190323,0.846495946653567,22.892470350133646,0.8500267684401244
ct3.png,13000,7.606771881293109,0.034999999999999996,True,bm3d,22.886015601190323,0.846495946653567,22.93096094639769,0.8538159920010132
ct3.png,13000,7.606771881293109,0.039999999999999994,True,nlmeans,22.886015601190323,0.846495946653567,22.92925939325301,0.8565331193223288
ct3.png,13000,7.606771881293109,0.039999999999999994,True,bm3d,22.886015601190323,0.846495946653567,22.95915840677543,0.8574822237330194
ct3.png,13000,7.606771881293109,0.045,True,nlmeans,22.886015601190323,0.846495946653567,22.986838301194616,0.8659869021918032
ct3.png,13000,7.606771881293109,0.045,True,bm3d,22.886015601190323,0.846495946653567,22.995298862236986,0.8624995723892593
ct3.png,13000,7.606771881293109,0.049999999999999996,True,nlmeans,22.886015601190323,0.846495946653567,23.048205190062045,0.8759248919207405
ct3.png,13000,7.606771881293109,0.049999999999999996,True,bm3d,22.886015601190323,0.846495946653567,23.03849947341643,0.8687333945951947
ct3.png,13000,7.606771881293109,0.05499999999999999,True,nlmeans,22.886015601190323,0.846495946653567,23.101901635368126,0.8841265190935923
ct3.png,13000,7.606771881293109,0.05499999999999999,True,bm3d,22.886015601190323,0.846495946653567,23.084621987350094,0.8760203761293808
ct3.png,13000,7.606771881293109,0.05999999999999999,True,nlmeans,22.886015601190323,0.846495946653567,23.144447155555447,0.8897586259667377
ct3.png,13000,7.606771881293109,0.05999999999999999,True,bm3d,22.886015601190323,0.846495946653567,23.130597696289815,0.8837067673229004
ct3.png,13000,7.606771881293109,0.06499999999999999,True,nlmeans,22.886015601190323,0.846495946653567,23.1741558244062,0.8930240607427977
ct3.png,13000,7.606771881293109,0.06499999999999999,True,bm3d,22.886015601190323,0.846495946653567,23.172380250875058,0.890948953348296
ct3.png,13000,7.606771881293109,0.06999999999999999,True,nlmeans,22.886015601190323,0.846495946653567,23.193186944226124,0.89448136699708
ct3.png,13000,7.606771881293109,0.06999999999999999,True,bm3d,22.886015601190323,0.846495946653567,23.208470855351734,0.8971198520751297
ct3.png,13000,7.606771881293109,0.07499999999999998,True,nlmeans,22.886015601190323,0.846495946653567,23.201435236505112,0.8948205756840761
ct3.png,13000,7.606771881293109,0.07499999999999998,True,bm3d,22.886015601190323,0.846495946653567,23.235509646916572,0.9017536322995463
ct3.png,13000,7.606771881293109,0.07999999999999999,True,nlmeans,22.886015601190323,0.846495946653567,23.203874970179523,0.8943104516609877
ct3.png,13000,7.606771881293109,0.07999999999999999,True,bm3d,22.886015601190323,0.846495946653567,23.255798097916248,0.9047728666440871
ct3.png,13000,7.606771881293109,0.08499999999999998,True,nlmeans,22.886015601190323,0.846495946653567,23.200014638578388,0.8932398825820286
ct3.png,13000,7.606771881293109,0.08499999999999998,True,bm3d,22.886015601190323,0.846495946653567,23.268514356262312,0.9064517858445255
ct3.png,13000,7.606771881293109,0.08999999999999998,True,nlmeans,22.886015601190323,0.846495946653567,23.19168987817254,0.8921708592612525
ct3.png,13000,7.606771881293109,0.08999999999999998,True,bm3d,22.886015601190323,0.846495946653567,23.276561271083104,0.9071939458537986
ct3.png,13000,7.606771881293109,0.09499999999999999,True,nlmeans,22.886015601190323,0.846495946653567,23.180268484402745,0.8907388832170301
ct3.png,13000,7.606771881293109,0.09499999999999999,True,bm3d,22.886015601190323,0.846495946653567,23.28021448906867,0.9072773451345622
ct3.png,13000,7.606771881293109,0.09999999999999998,True,nlmeans,22.886015601190323,0.846495946653567,23.16702940712473,0.8891936090927698
ct3.png,13000,7.606771881293109,0.09999999999999998,True,bm3d,22.886015601190323,0.846495946653567,23.281724380776776,0.9068739471948387
ct3.png,13000,7.606771881293109,0.10499999999999998,True,nlmeans,22.886015601190323,0.846495946653567,23.151693506527053,0.8877483224174412
ct3.png,13000,7.606771881293109,0.10499999999999998,True,bm3d,22.886015601190323,0.846495946653567,23.2807479158545,0.9060955208533095
ct3.png,13000,7.606771881293109,0.10999999999999997,True,nlmeans,22.886015601190323,0.846495946653567,23.135138882195054,0.8861408127980713
ct3.png,13000,7.606771881293109,0.10999999999999997,True,bm3d,22.886015601190323,0.846495946653567,23.2782558450841,0.905142216941687
ct3.png,13000,7.606771881293109,0.11499999999999998,True,nlmeans,22.886015601190323,0.846495946653567,23.11690641808098,0.8844021565417682
ct3.png,13000,7.606771881293109,0.11499999999999998,True,bm3d,22.886015601190323,0.846495946653567,23.274495426964847,0.9041706786920883
ct3.png,13000,7.606771881293109,0.11999999999999998,True,nlmeans,22.886015601190323,0.846495946653567,23.097885744213443,0.8826847515061583
ct3.png,13000,7.606771881293109,0.11999999999999998,True,bm3d,22.886015601190323,0.846495946653567,23.270615824038803,0.9031428783361826
ct3.png,13000,7.606771881293109,0.12499999999999997,True,nlmeans,22.886015601190323,0.846495946653567,23.079071789858737,0.8809834329000533
ct3.png,13000,7.606771881293109,0.12499999999999997,True,bm3d,22.886015601190323,0.846495946653567,23.2660563167719,0.9020152428556494
ct3.png,13000,7.606771881293109,0.12999999999999998,True,nlmeans,22.886015601190323,0.846495946653567,23.056727245169956,0.8791780359080311
ct3.png,13000,7.606771881293109,0.12999999999999998,True,bm3d,22.886015601190323,0.846495946653567,23.261343781138475,0.9009863811124511
ct3.png,13000,7.606771881293109,0.13499999999999998,True,nlmeans,22.886015601190323,0.846495946653567,23.037167426113996,0.877515908770747
ct3.png,13000,7.606771881293109,0.13499999999999998,True,bm3d,22.886015601190323,0.846495946653567,23.256164926061974,0.9000534520111124
ct3.png,13000,7.606771881293109,0.13999999999999999,True,nlmeans,22.886015601190323,0.846495946653567,23.01362538509772,0.8757732709082235
ct3.png,13000,7.606771881293109,0.13999999999999999,True,bm3d,22.886015601190323,0.846495946653567,23.2501495257838,0.8990404413385812
ct3.png,13000,7.606771881293109,0.145,True,nlmeans,22.886015601190323,0.846495946653567,22.98787531397926,0.8740499582573082
ct3.png,13000,7.606771881293109,0.145,True,bm3d,22.886015601190323,0.846495946653567,23.244843886397824,0.8981765562300406
ct3.png,13000,7.606771881293109,0.15,True,nlmeans,22.886015601190323,0.846495946653567,22.964912243951517,0.8725146486935745
ct3.png,13000,7.606771881293109,0.15,True,bm3d,22.886015601190323,0.846495946653567,23.239703782259017,0.8972909652611665
ct3.png,13000,7.606771881293109,0.155,True,nlmeans,22.886015601190323,0.846495946653567,22.937513910486715,0.8710541662797119
ct3.png,13000,7.606771881293109,0.155,True,bm3d,22.886015601190323,0.846495946653567,23.23395124832959,0.8965116724243736
ct3.png,13000,7.606771881293109,0.15999999999999998,True,nlmeans,22.886015601190323,0.846495946653567,22.913725160472374,0.8695605594483743
ct3.png,13000,7.606771881293109,0.15999999999999998,True,bm3d,22.886015601190323,0.846495946653567,23.22866240190889,0.8958332608362629
ct3.png,13000,7.606771881293109,0.16499999999999998,True,nlmeans,22.886015601190323,0.846495946653567,22.88368030315017,0.8680194215493948
ct3.png,13000,7.606771881293109,0.16499999999999998,True,bm3d,22.886015601190323,0.846495946653567,23.223086504172397,0.8950526878293251
ct3.png,13000,7.606771881293109,0.16999999999999998,True,nlmeans,22.886015601190323,0.846495946653567,22.852332749636513,0.8665501669210282
ct3.png,13000,7.606771881293109,0.16999999999999998,True,bm3d,22.886015601190323,0.846495946653567,23.21729077659843,0.8943671536488268
ct3.png,13000,7.606771881293109,0.175,True,nlmeans,22.886015601190323,0.846495946653567,22.82410106436877,0.8651210394063683
ct3.png,13000,7.606771881293109,0.175,True,bm3d,22.886015601190323,0.846495946653567,23.210782896590892,0.8937147490929407
ct3.png,13000,7.606771881293109,0.18,True,nlmeans,22.886015601190323,0.846495946653567,22.792107056884284,0.86376387501064
ct3.png,13000,7.606771881293109,0.18,True,bm3d,22.886015601190323,0.846495946653567,23.204996892701093,0.8930357845232083
ct3.png,13000,7.606771881293109,0.18499999999999997,True,nlmeans,22.886015601190323,0.846495946653567,22.759495968149707,0.8622989935527746
ct3.png,13000,7.606771881293109,0.18499999999999997,True,bm3d,22.886015601190323,0.846495946653567,23.1984308229191,0.8923495755770735
ct3.png,13000,7.606771881293109,0.18999999999999997,True,nlmeans,22.886015601190323,0.846495946653567,22.729202894361002,0.860891324402184
ct3.png,13000,7.606771881293109,0.18999999999999997,True,bm3d,22.886015601190323,0.846495946653567,23.191534956281394,0.8916511928289015
ct3.png,13000,7.606771881293109,0.19499999999999998,True,nlmeans,22.886015601190323,0.846495946653567,22.697510857110203,0.8594265813001906
ct3.png,13000,7.606771881293109,0.19499999999999998,True,bm3d,22.886015601190323,0.846495946653567,23.186077009917433,0.8910401872180889
ct3.png,13000,7.606771881293109,0.19999999999999998,True,nlmeans,22.886015601190323,0.846495946653567,22.665559732679498,0.8579799560829356
ct3.png,13000,7.606771881293109,0.19999999999999998,True,bm3d,22.886015601190323,0.846495946653567,23.17934227147535,0.8904198042375402
ct3.png,13000,7.606771881293109,0.205,True,nlmeans,22.886015601190323,0.846495946653567,22.634716501781963,0.8565153133343962
ct3.png,13000,7.606771881293109,0.205,True,bm3d,22.886015601190323,0.846495946653567,23.17302708038416,0.8898046569844376
ct3.png,13000,7.606771881293109,0.20999999999999996,True,nlmeans,22.886015601190323,0.846495946653567,22.603425317273256,0.8550369627610711
ct3.png,13000,7.606771881293109,0.20999999999999996,True,bm3d,22.886015601190323,0.846495946653567,23.166832678840137,0.8892078210010359
ct3.png,13000,7.606771881293109,0.21499999999999997,True,nlmeans,22.886015601190323,0.846495946653567,22.572824209519165,0.8535557271704793
ct3.png,13000,7.606771881293109,0.21499999999999997,True,bm3d,22.886015601190323,0.846495946653567,23.16049792328024,0.888605669125363
ct3.png,13000,7.606771881293109,0.21999999999999997,True,nlmeans,22.886015601190323,0.846495946653567,22.541863296606934,0.8520537475707461
ct3.png,13000,7.606771881293109,0.21999999999999997,True,bm3d,22.886015601190323,0.846495946653567,23.153877018813667,0.8879865275252085
ct3.png,13000,7.606771881293109,0.22499999999999998,True,nlmeans,22.886015601190323,0.846495946653567,22.511131808616387,0.8506041711867617
ct3.png,13000,7.606771881293109,0.22499999999999998,True,bm3d,22.886015601190323,0.846495946653567,23.147800261570545,0.8874689311014052
ct3.png,13000,7.606771881293109,0.22999999999999998,True,nlmeans,22.886015601190323,0.846495946653567,22.480616796531855,0.8491173529830145
ct3.png,13000,7.606771881293109,0.22999999999999998,True,bm3d,22.886015601190323,0.846495946653567,23.142116312113487,0.8868842840740634
ct3.png,13000,7.606771881293109,0.235,True,nlmeans,22.886015601190323,0.846495946653567,22.449613230554,0.8476540420520434
ct3.png,13000,7.606771881293109,0.235,True,bm3d,22.886015601190323,0.846495946653567,23.13613654544836,0.8863723873067716
ct3.png,13000,7.606771881293109,0.23999999999999996,True,nlmeans,22.886015601190323,0.846495946653567,22.419421379036034,0.8461948097415168
ct3.png,13000,7.606771881293109,0.23999999999999996,True,bm3d,22.886015601190323,0.846495946653567,23.129118590782443,0.8857907549732797
ct3.png,13000,7.606771881293109,0.24499999999999997,True,nlmeans,22.886015601190323,0.846495946653567,22.38897206758921,0.8447627300667259
ct3.png,13000,7.606771881293109,0.24499999999999997,True,bm3d,22.886015601190323,0.846495946653567,23.123053604707167,0.8852935728651739
ct3.png,13000,7.606771881293109,0.1,False,nlmeans,22.886015601190323,0.846495946653567,22.886039072920493,0.8464991774087501
ct3.png,13000,7.606771881293109,0.1,False,bm3d,22.886015601190323,0.846495946653567,22.87241769936813,0.8497274024811703
ct3.png,13000,7.606771881293109,0.2,False,nlmeans,22.886015601190323,0.846495946653567,22.886142023210088,0.8465089362298684
ct3.png,13000,7.606771881293109,0.2,False,bm3d,22.886015601190323,0.846495946653567,22.873422954950122,0.8497722199055739
ct3.png,13000,7.606771881293109,0.30000000000000004,False,nlmeans,22.886015601190323,0.846495946653567,22.886965961040637,0.8465631347894418
ct3.png,13000,7.606771881293109,0.30000000000000004,False,bm3d,22.886015601190323,0.846495946653567,22.87408166621221,0.8497884180416506
ct3.png,13000,7.606771881293109,0.4,False,nlmeans,22.886015601190323,0.846495946653567,22.88809125986809,0.8473098712717442
ct3.png,13000,7.606771881293109,0.4,False,bm3d,22.886015601190323,0.846495946653567,22.879737459370553,0.8506681138011326
ct3.png,13000,7.606771881293109,0.5,False,nlmeans,22.886015601190323,0.846495946653567,22.897366891292243,0.8510018676528676
ct3.png,13000,7.606771881293109,0.5,False,bm3d,22.886015601190323,0.846495946653567,22.905410390987903,0.854159152443044
ct3.png,13000,7.606771881293109,0.6,False,nlmeans,22.886015601190323,0.846495946653567,22.95306175696664,0.8613238315731324
ct3.png,13000,7.606771881293109,0.6,False,bm3d,22.886015601190323,0.846495946653567,22.944047519521156,0.8600000434828967
ct3.png,13000,7.606771881293109,0.7000000000000001,False,nlmeans,22.886015601190323,0.846495946653567,23.039053570745196,0.8758138942494132
ct3.png,13000,7.606771881293109,0.7000000000000001,False,bm3d,22.886015601190323,0.846495946653567,22.97345485163855,0.8679962541979409
ct3.png,13000,7.606771881293109,0.8,False,nlmeans,22.886015601190323,0.846495946653567,23.11504911707361,0.8878378399787465
ct3.png,13000,7.606771881293109,0.8,False,bm3d,22.886015601190323,0.846495946653567,22.989812437207533,0.87782342444037
ct3.png,13000,7.606771881293109,0.9,False,nlmeans,22.886015601190323,0.846495946653567,23.161140347508304,0.8942181030899541
ct3.png,13000,7.606771881293109,0.9,False,bm3d,22.886015601190323,0.846495946653567,23.010964879428883,0.8878079293225823
ct3.png,13000,7.606771881293109,1.0,False,nlmeans,22.886015601190323,0.846495946653567,23.179408706807997,0.8959862320321345
ct3.png,13000,7.606771881293109,1.0,False,bm3d,22.886015601190323,0.846495946653567,23.001592896966873,0.8960899540612316
ct3.png,13000,7.606771881293109,1.1,False,nlmeans,22.886015601190323,0.846495946653567,23.178701651793943,0.8949735014642641
ct3.png,13000,7.606771881293109,1.1,False,bm3d,22.886015601190323,0.846495946653567,22.923518502721983,0.9005904343597269
ct3.png,13000,7.606771881293109,1.2000000000000002,False,nlmeans,22.886015601190323,0.846495946653567,23.164279875780096,0.8927305371985544
ct3.png,13000,7.606771881293109,1.2000000000000002,False,bm3d,22.886015601190323,0.846495946653567,22.869470268264322,0.9023480893735542
ct3.png,13000,7.606771881293109,1.3000000000000003,False,nlmeans,22.886015601190323,0.846495946653567,23.139640934476546,0.8899597049315654
ct3.png,13000,7.606771881293109,1.3000000000000003,False,bm3d,22.886015601190323,0.846495946653567,22.82792656235657,0.9025034955649622
ct3.png,13000,7.606771881293109,1.4000000000000001,False,nlmeans,22.886015601190323,0.846495946653567,23.11023942847147,0.8872483509358817
ct3.png,13000,7.606771881293109,1.4000000000000001,False,bm3d,22.886015601190323,0.846495946653567,22.7999039864118,0.9016829293298203
ct3.png,13000,7.606771881293109,1.5000000000000002,False,nlmeans,22.886015601190323,0.846495946653567,23.066791815138075,0.8844504570188944
ct3.png,13000,7.606771881293109,1.5000000000000002,False,bm3d,22.886015601190323,0.846495946653567,22.74837630491699,0.899466135374645
ct3.png,13000,7.606771881293109,1.6,False,nlmeans,22.886015601190323,0.846495946653567,23.023736989091308,0.8816681709541597
ct3.png,13000,7.606771881293109,1.6,False,bm3d,22.886015601190323,0.846495946653567,22.75482652793937,0.8984621346822182
ct3.png,13000,7.606771881293109,1.7000000000000002,False,nlmeans,22.886015601190323,0.846495946653567,22.9766391676654,0.8790088383452617
ct3.png,13000,7.606771881293109,1.7000000000000002,False,bm3d,22.886015601190323,0.846495946653567,22.697636081745816,0.8963209982889115
ct3.png,13000,7.606771881293109,1.8000000000000003,False,nlmeans,22.886015601190323,0.846495946653567,22.929539029485184,0.8763627527029466
ct3.png,13000,7.606771881293109,1.8000000000000003,False,bm3d,22.886015601190323,0.846495946653567,22.68621964741994,0.8947497643434766
ct3.png,13000,7.606771881293109,1.9000000000000001,False,nlmeans,22.886015601190323,0.846495946653567,22.883912177787508,0.8736824714654313
ct3.png,13000,7.606771881293109,1.9000000000000001,False,bm3d,22.886015601190323,0.846495946653567,22.675426323109647,0.8933824931876557
ct3.png,13000,7.606771881293109,2.0,False,nlmeans,22.886015601190323,0.846495946653567,22.838149913031593,0.8709606444171027
ct3.png,13000,7.606771881293109,2.0,False,bm3d,22.886015601190323,0.846495946653567,22.695225679477026,0.8923149120023081
ct3.png,13000,7.606771881293109,2.1,False,nlmeans,22.886015601190323,0.846495946653567,22.792818348341083,0.8683119402371147
ct3.png,13000,7.606771881293109,2.1,False,bm3d,22.886015601190323,0.846495946653567,22.65367859003223,0.8909026937277718
ct3.png,13000,7.606771881293109,2.2,False,nlmeans,22.886015601190323,0.846495946653567,22.748524545648856,0.8656741381339511
ct3.png,13000,7.606771881293109,2.2,False,bm3d,22.886015601190323,0.846495946653567,22.653729800553744,0.8898029684353158
ct3.png,13000,7.606771881293109,2.3000000000000003,False,nlmeans,22.886015601190323,0.846495946653567,22.703986682801926,0.8630965049673452
ct3.png,13000,7.606771881293109,2.3000000000000003,False,bm3d,22.886015601190323,0.846495946653567,22.6854955754933,0.8893579032089274
ct3.png,13000,7.606771881293109,2.4000000000000004,False,nlmeans,22.886015601190323,0.846495946653567,22.660364390787038,0.8604890143921423
ct3.png,13000,7.606771881293109,2.4000000000000004,False,bm3d,22.886015601190323,0.846495946653567,22.698186951806175,0.8885350117034765
ct3.png,13000,7.606771881293109,2.5000000000000004,False,nlmeans,22.886015601190323,0.846495946653567,22.616779956888,0.8579354698002774
ct3.png,13000,7.606771881293109,2.5000000000000004,False,bm3d,22.886015601190323,0.846495946653567,22.707799176829347,0.8879777474055317
ct3.png,13000,7.606771881293109,2.6,False,nlmeans,22.886015601190323,0.846495946653567,22.57392019399669,0.8553880068893125
ct3.png,13000,7.606771881293109,2.6,False,bm3d,22.886015601190323,0.846495946653567,22.69880424448735,0.8869481132307944
ct3.png,13000,7.606771881293109,2.7,False,nlmeans,22.886015601190323,0.846495946653567,22.531117029346895,0.852863507037819
ct3.png,13000,7.606771881293109,2.7,False,bm3d,22.886015601190323,0.846495946653567,22.683111842948655,0.8859886208249501
ct3.png,13000,7.606771881293109,2.8000000000000003,False,nlmeans,22.886015601190323,0.846495946653567,22.48782714664938,0.8503601648194508
ct3.png,13000,7.606771881293109,2.8000000000000003,False,bm3d,22.886015601190323,0.846495946653567,22.690066175002418,0.8853154874965035
ct3.png,13000,7.606771881293109,2.9000000000000004,False,nlmeans,22.886015601190323,0.846495946653567,22.445980687015332,0.8478353816596552
ct3.png,13000,7.606771881293109,2.9000000000000004,False,bm3d,22.886015601190323,0.846495946653567,22.693209371898387,0.8846827724693392
ct3.png,7500,9.196647472877794,0.01,True,nlmeans,21.555926629403448,0.813662329056644,21.555931696646606,0.8136631508499127
ct3.png,7500,9.196647472877794,0.01,True,bm3d,21.555926629403448,0.813662329056644,21.556214232148925,0.8136891720379342
ct3.png,7500,9.196647472877794,0.015,True,nlmeans,21.555926629403448,0.813662329056644,21.555955356011257,0.8136655909468694
ct3.png,7500,9.196647472877794,0.015,True,bm3d,21.555926629403448,0.813662329056644,21.55492448866889,0.8144419420786198
ct3.png,7500,9.196647472877794,0.019999999999999997,True,nlmeans,21.555926629403448,0.813662329056644,21.555865421947708,0.8136720776500492
ct3.png,7500,9.196647472877794,0.019999999999999997,True,bm3d,21.555926629403448,0.813662329056644,21.553682786299543,0.8156906263206207
ct3.png,7500,9.196647472877794,0.024999999999999998,True,nlmeans,21.555926629403448,0.813662329056644,21.554379391764247,0.8138243012411912
ct3.png,7500,9.196647472877794,0.024999999999999998,True,bm3d,21.555926629403448,0.813662329056644,21.567469196955802,0.817326916439924
ct3.png,7500,9.196647472877794,0.03,True,nlmeans,21.555926629403448,0.813662329056644,21.554742041049828,0.8151851921336273
ct3.png,7500,9.196647472877794,0.03,True,bm3d,21.555926629403448,0.813662329056644,21.58863071910438,0.8197362701941341
ct3.png,7500,9.196647472877794,0.034999999999999996,True,nlmeans,21.555926629403448,0.813662329056644,21.582212727878556,0.8202176180228484
ct3.png,7500,9.196647472877794,0.034999999999999996,True,bm3d,21.555926629403448,0.813662329056644,21.617573704798115,0.8232572399854912
ct3.png,7500,9.196647472877794,0.039999999999999994,True,nlmeans,21.555926629403448,0.813662329056644,21.646427896544452,0.8305609960588427
ct3.png,7500,9.196647472877794,0.039999999999999994,True,bm3d,21.555926629403448,0.813662329056644,21.656051103179546,0.8283466661415416
ct3.png,7500,9.196647472877794,0.045,True,nlmeans,21.555926629403448,0.813662329056644,21.72719204984076,0.8441373403809757
ct3.png,7500,9.196647472877794,0.045,True,bm3d,21.555926629403448,0.813662329056644,21.705245353778434,0.8352833384389188
ct3.png,7500,9.196647472877794,0.049999999999999996,True,nlmeans,21.555926629403448,0.813662329056644,21.802378497645215,0.8569917856147973
ct3.png,7500,9.196647472877794,0.049999999999999996,True,bm3d,21.555926629403448,0.813662329056644,21.761120954013116,0.8439731779407149
ct3.png,7500,9.196647472877794,0.05499999999999999,True,nlmeans,21.555926629403448,0.813662329056644,21.85917697066295,0.8664348711303728
ct3.png,7500,9.196647472877794,0.05499999999999999,True,bm3d,21.555926629403448,0.813662329056644,21.819408425640074,0.853971005732418
ct3.png,7500,9.196647472877794,0.05999999999999999,True,nlmeans,21.555926629403448,0.813662329056644,21.89742816667874,0.8721935611385672
ct3.png,7500,9.196647472877794,0.05999999999999999,True,bm3d,21.555926629403448,0.813662329056644,21.873763745816646,0.8643127677444282
ct3.png,7500,9.196647472877794,0.06499999999999999,True,nlmeans,21.555926629403448,0.813662329056644,21.917920006251023,0.8749866330989046
ct3.png,7500,9.196647472877794,0.06499999999999999,True,bm3d,21.555926629403448,0.813662329056644,21.920199249611695,0.8737906145396666
ct3.png,7500,9.196647472877794,0.06999999999999999,True,nlmeans,21.555926629403448,0.813662329056644,21.92607403034323,0.8760891123378313
ct3.png,7500,9.196647472877794,0.06999999999999999,True,bm3d,21.555926629403448,0.813662329056644,21.956211796978266,0.8812089451692349
ct3.png,7500,9.196647472877794,0.07499999999999998,True,nlmeans,21.555926629403448,0.813662329056644,21.924076238484282,0.8757664695507841
ct3.png,7500,9.196647472877794,0.07499999999999998,True,bm3d,21.555926629403448,0.813662329056644,21.981378693690992,0.8863649653387392
ct3.png,7500,9.196647472877794,0.07999999999999999,True,nlmeans,21.555926629403448,0.813662329056644,21.9158263935905,0.8749565735190176
ct3.png,7500,9.196647472877794,0.07999999999999999,True,bm3d,21.555926629403448,0.813662329056644,21.999226101210656,0.8895767057358599
ct3.png,7500,9.196647472877794,0.08499999999999998,True,nlmeans,21.555926629403448,0.813662329056644,21.90241736150936,0.8734956542893819
ct3.png,7500,9.196647472877794,0.08499999999999998,True,bm3d,21.555926629403448,0.813662329056644,22.008585664434854,0.8911379735766285
ct3.png,7500,9.196647472877794,0.08999999999999998,True,nlmeans,21.555926629403448,0.813662329056644,21.886158182284884,0.8717228334115108
ct3.png,7500,9.196647472877794,0.08999999999999998,True,bm3d,21.555926629403448,0.813662329056644,22.013403686934563,0.8914614158021826
ct3.png,7500,9.196647472877794,0.09499999999999999,True,nlmeans,21.555926629403448,0.813662329056644,21.868131804543985,0.8697580609878468
ct3.png,7500,9.196647472877794,0.09499999999999999,True,bm3d,21.555926629403448,0.813662329056644,22.014078708122216,0.8910608411566107
ct3.png,7500,9.196647472877794,0.09999999999999998,True,nlmeans,21.555926629403448,0.813662329056644,21.845826322611718,0.8675240872804814
ct3.png,7500,9.196647472877794,0.09999999999999998,True,bm3d,21.555926629403448,0.813662329056644,22.012680901909548,0.890190994330324
ct3.png,7500,9.196647472877794,0.10499999999999998,True,nlmeans,21.555926629403448,0.813662329056644,21.822705880656066,0.865383057536531
ct3.png,7500,9.196647472877794,0.10499999999999998,True,bm3d,21.555926629403448,0.813662329056644,22.009283407447064,0.8891241349931738
ct3.png,7500,9.196647472877794,0.10999999999999997,True,nlmeans,21.555926629403448,0.813662329056644,21.799026806017928,0.8633060049476938
ct3.png,7500,9.196647472877794,0.10999999999999997,True,bm3d,21.555926629403448,0.813662329056644,22.004739893543103,0.8879526442961924
ct3.png,7500,9.196647472877794,0.11499999999999998,True,nlmeans,21.555926629403448,0.813662329056644,21.771370687840616,0.861183422735706
ct3.png,7500,9.196647472877794,0.11499999999999998,True,bm3d,21.555926629403448,0.813662329056644,21.999603480228707,0.8867566419291801
ct3.png,7500,9.196647472877794,0.11999999999999998,True,nlmeans,21.555926629403448,0.813662329056644,21.742937268193224,0.8591965209436181
ct3.png,7500,9.196647472877794,0.11999999999999998,True,bm3d,21.555926629403448,0.813662329056644,21.992753064330614,0.8855051386101934
ct3.png,7500,9.196647472877794,0.12499999999999997,True,nlmeans,21.555926629403448,0.813662329056644,21.711551998106266,0.8571825438589668
ct3.png,7500,9.196647472877794,0.12499999999999997,True,bm3d,21.555926629403448,0.813662329056644,21.986868128102266,0.8844778660874105
ct3.png,7500,9.196647472877794,0.12999999999999998,True,nlmeans,21.555926629403448,0.813662329056644,21.67813954418973,0.8551722924408796
ct3.png,7500,9.196647472877794,0.12999999999999998,True,bm3d,21.555926629403448,0.813662329056644,21.980331025098202,0.8833738145501258
ct3.png,7500,9.196647472877794,0.13499999999999998,True,nlmeans,21.555926629403448,0.813662329056644,21.646813912161385,0.8532320103981144
ct3.png,7500,9.196647472877794,0.13499999999999998,True,bm3d,21.555926629403448,0.813662329056644,21.97306099603205,0.8822985748453872
ct3.png,7500,9.196647472877794,0.13999999999999999,True,nlmeans,21.555926629403448,0.813662329056644,21.61140990857328,0.8512993531321098
ct3.png,7500,9.196647472877794,0.13999999999999999,True,bm3d,21.555926629403448,0.813662329056644,21.96599926982976,0.8813796289228176
ct3.png,7500,9.196647472877794,0.145,True,nlmeans,21.555926629403448,0.813662329056644,21.575938759200795,0.8493405379726411
ct3.png,7500,9.196647472877794,0.145,True,bm3d,21.555926629403448,0.813662329056644,21.95956096913253,0.880398331761568
ct3.png,7500,9.196647472877794,0.15,True,nlmeans,21.555926629403448,0.813662329056644,21.54122450248631,0.8473307099411266
ct3.png,7500,9.196647472877794,0.15,True,bm3d,21.555926629403448,0.813662329056644,21.953590727482467,0.8795671927848919
ct3.png,7500,9.196647472877794,0.155,True,nlmeans,21.555926629403448,0.813662329056644,21.506147868943035,0.8453149639920868
ct3.png,7500,9.196647472877794,0.155,True,bm3d,21.555926629403448,0.813662329056644,21.94698229872766,0.8787216015328722
ct3.png,7500,9.196647472877794,0.15999999999999998,True,nlmeans,21.555926629403448,0.813662329056644,21.47149481550229,0.8432982088509638
ct3.png,7500,9.196647472877794,0.15999999999999998,True,bm3d,21.555926629403448,0.813662329056644,21.94010272480183,0.8778905936112164
ct3.png,7500,9.196647472877794,0.16499999999999998,True,nlmeans,21.555926629403448,0.813662329056644,21.437129946228957,0.8412867403093545
ct3.png,7500,9.196647472877794,0.16499999999999998,True,bm3d,21.555926629403448,0.813662329056644,21.93320305558335,0.8771133985458098
ct3.png,7500,9.196647472877794,0.16999999999999998,True,nlmeans,21.555926629403448,0.813662329056644,21.402596301666847,0.8392562313790358
ct3.png,7500,9.196647472877794,0.16999999999999998,True,bm3d,21.555926629403448,0.813662329056644,21.926594108640103,0.8763853372453885
ct3.png,7500,9.196647472877794,0.175,True,nlmeans,21.555926629403448,0.813662329056644,21.368773981270934,0.8372751742658155
ct3.png,7500,9.196647472877794,0.175,True,bm3d,21.555926629403448,0.813662329056644,21.92030010662502,0.8756864761594746
ct3.png,7500,9.196647472877794,0.18,True,nlmeans,21.555926629403448,0.813662329056644,21.334471857105864,0.835329917397549
ct3.png,7500,9.196647472877794,0.18,True,bm3d,21.555926629403448,0.813662329056644,21.914046725284653,0.8750112158312695
ct3.png,7500,9.196647472877794,0.18499999999999997,True,nlmeans,21.555926629403448,0.813662329056644,21.30107454338921,0.8333947709705147
ct3.png,7500,9.196647472877794,0.18499999999999997,True,bm3d,21.555926629403448,0.813662329056644,21.907538035051477,0.8743879330528381
ct3.png,7500,9.196647472877794,0.18999999999999997,True,nlmeans,21.555926629403448,0.813662329056644,21.267960208471028,0.8314437471582935
ct3.png,7500,9.196647472877794,0.18999999999999997,True,bm3d,21.555926629403448,0.813662329056644,21.90132860731623,0.8737062969365629
ct3.png,7500,9.196647472877794,0.19499999999999998,True,nlmeans,21.555926629403448,0.813662329056644,21.235145822833402,0.8295174160807075
ct3.png,7500,9.196647472877794,0.19499999999999998,True,bm3d,21.555926629403448,0.813662329056644,21.89374112490864,0.8730301957381574
ct3.png,7500,9.196647472877794,0.19999999999999998,True,nlmeans,21.555926629403448,0.813662329056644,21.202138102840287,0.8275737517413534
ct3.png,7500,9.196647472877794,0.19999999999999998,True,bm3d,21.555926629403448,0.813662329056644,21.887073802382094,0.872430914186519
ct3.png,7500,9.196647472877794,0.205,True,nlmeans,21.555926629403448,0.813662329056644,21.169873942867806,0.825631915023115
ct3.png,7500,9.196647472877794,0.205,True,bm3d,21.555926629403448,0.813662329056644,21.88028793181609,0.8717801763889407
ct3.png,7500,9.196647472877794,0.20999999999999996,True,nlmeans,21.555926629403448,0.813662329056644,21.137557583680767,0.8237036840268316
ct3.png,7500,9.196647472877794,0.20999999999999996,True,bm3d,21.555926629403448,0.813662329056644,21.873816383352565,0.8711853305353566
ct3.png,7500,9.196647472877794,0.21499999999999997,True,nlmeans,21.555926629403448,0.813662329056644,21.106109396863605,0.8218343134699254
ct3.png,7500,9.196647472877794,0.21499999999999997,True,bm3d,21.555926629403448,0.813662329056644,21.866916776646434,0.8705308873994158
ct3.png,7500,9.196647472877794,0.21999999999999997,True,nlmeans,21.555926629403448,0.813662329056644,21.074374178293315,0.8199440588133925
ct3.png,7500,9.196647472877794,0.21999999999999997,True,bm3d,21.555926629403448,0.813662329056644,21.859698442755565,0.8699237398110301
ct3.png,7500,9.196647472877794,0.22499999999999998,True,nlmeans,21.555926629403448,0.813662329056644,21.04360064012656,0.8180532883614918
ct3.png,7500,9.196647472877794,0.22499999999999998,True,bm3d,21.555926629403448,0.813662329056644,21.85357264680779,0.8693350134818606
ct3.png,7500,9.196647472877794,0.22999999999999998,True,nlmeans,21.555926629403448,0.813662329056644,21.01284510140581,0.8161712900037147
ct3.png,7500,9.196647472877794,0.22999999999999998,True,bm3d,21.555926629403448,0.813662329056644,21.84614145725925,0.8687384100500974
ct3.png,7500,9.196647472877794,0.235,True,nlmeans,21.555926629403448,0.813662329056644,20.982737360529498,0.8143190134124141
ct3.png,7500,9.196647472877794,0.235,True,bm3d,21.555926629403448,0.813662329056644,21.83916011224322,0.8681378398540255
ct3.png,7500,9.196647472877794,0.23999999999999996,True,nlmeans,21.555926629403448,0.813662329056644,20.952610816812047,0.8124275841160953
ct3.png,7500,9.196647472877794,0.23999999999999996,True,bm3d,21.555926629403448,0.813662329056644,21.831459006358674,0.8675522314486207
ct3.png,7500,9.196647472877794,0.24499999999999997,True,nlmeans,21.555926629403448,0.813662329056644,20.922573504511043,0.8105953667891251
ct3.png,7500,9.196647472877794,0.24499999999999997,True,bm3d,21.555926629403448,0.813662329056644,21.824383080873982,0.8670028381611646
ct3.png,7500,9.196647472877794,0.1,False,nlmeans,21.555926629403448,0.813662329056644,21.555941794695567,0.8136648873932496
ct3.png,7500,9.196647472877794,0.1,False,bm3d,21.555926629403448,0.813662329056644,21.533920914371656,0.8165266563916764
ct3.png,7500,9.196647472877794,0.2,False,nlmeans,21.555926629403448,0.813662329056644,21.556024730823555,0.8136743700035689
ct3.png,7500,9.196647472877794,0.2,False,bm3d,21.555926629403448,0.813662329056644,21.535198012657343,0.8165991041791973
ct3.png,7500,9.196647472877794,0.30000000000000004,False,nlmeans,21.555926629403448,0.813662329056644,21.55678763521165,0.8137439504394649
ct3.png,7500,9.196647472877794,0.30000000000000004,False,bm3d,21.555926629403448,0.813662329056644,21.536916675247,0.8166941933361882
ct3.png,7500,9.196647472877794,0.4,False,nlmeans,21.555926629403448,0.813662329056644,21.556012627518484,0.8146242929168708
ct3.png,7500,9.196647472877794,0.4,False,bm3d,21.555926629403448,0.813662329056644,21.55267974246022,0.8184739531634039
ct3.png,7500,9.196647472877794,0.5,False,nlmeans,21.555926629403448,0.813662329056644,21.56737054427301,0.8192938198648078
ct3.png,7500,9.196647472877794,0.5,False,bm3d,21.555926629403448,0.813662329056644,21.570780972495424,0.8221964758946371
ct3.png,7500,9.196647472877794,0.6,False,nlmeans,21.555926629403448,0.813662329056644,21.640108300898092,0.832220582486373
ct3.png,7500,9.196647472877794,0.6,False,bm3d,21.555926629403448,0.813662329056644,21.6189077864226,0.8290786969744673
ct3.png,7500,9.196647472877794,0.7000000000000001,False,nlmeans,21.555926629403448,0.813662329056644,21.749405267306035,0.850414143659258
ct3.png,7500,9.196647472877794,0.7000000000000001,False,bm3d,21.555926629403448,0.813662329056644,21.64290155574221,0.8383041416592885
ct3.png,7500,9.196647472877794,0.8,False,nlmeans,21.555926629403448,0.813662329056644,21.83845968057234,0.8656365455120792
ct3.png,7500,9.196647472877794,0.8,False,bm3d,21.555926629403448,0.813662329056644,21.663538323864998,0.849780075534144
ct3.png,7500,9.196647472877794,0.9,False,nlmeans,21.555926629403448,0.813662329056644,21.887543390729167,0.8737782011400682
ct3.png,7500,9.196647472877794,0.9,False,bm3d,21.555926629403448,0.813662329056644,21.680636368009676,0.8624086885880708
ct3.png,7500,9.196647472877794,1.0,False,nlmeans,21.555926629403448,0.813662329056644,21.902394659072616,0.8760593059877065
ct3.png,7500,9.196647472877794,1.0,False,bm3d,21.555926629403448,0.813662329056644,21.684496101932126,0.8734773264846403
ct3.png,7500,9.196647472877794,1.1,False,nlmeans,21.555926629403448,0.813662329056644,21.895418119874893,0.8751377175900587
ct3.png,7500,9.196647472877794,1.1,False,bm3d,21.555926629403448,0.813662329056644,21.656969355336177,0.8804665300933339
ct3.png,7500,9.196647472877794,1.2000000000000002,False,nlmeans,21.555926629403448,0.813662329056644,21.87197742880588,0.8729366835649987
ct3.png,7500,9.196647472877794,1.2000000000000002,False,bm3d,21.555926629403448,0.813662329056644,21.63284607895884,0.8844379602251035
ct3.png,7500,9.196647472877794,1.3000000000000003,False,nlmeans,21.555926629403448,0.813662329056644,21.838571340534475,0.8702498745727518
ct3.png,7500,9.196647472877794,1.3000000000000003,False,bm3d,21.555926629403448,0.813662329056644,21.643525726228884,0.8861501935832123
ct3.png,7500,9.196647472877794,1.4000000000000001,False,nlmeans,21.555926629403448,0.813662329056644,21.795238662817912,0.8672497430353718
ct3.png,7500,9.196647472877794,1.4000000000000001,False,bm3d,21.555926629403448,0.813662329056644,21.63211213959378,0.8856683343767033
ct3.png,7500,9.196647472877794,1.5000000000000002,False,nlmeans,21.555926629403448,0.813662329056644,21.748647782688778,0.8641747865910452
ct3.png,7500,9.196647472877794,1.5000000000000002,False,bm3d,21.555926629403448,0.813662329056644,21.61819321000702,0.884449602029419
ct3.png,7500,9.196647472877794,1.6,False,nlmeans,21.555926629403448,0.813662329056644,21.70164904675591,0.8609487883106711
ct3.png,7500,9.196647472877794,1.6,False,bm3d,21.555926629403448,0.813662329056644,21.60263552020463,0.8824807722248829
ct3.png,7500,9.196647472877794,1.7000000000000002,False,nlmeans,21.555926629403448,0.813662329056644,21.65460084534654,0.8577353677648113
ct3.png,7500,9.196647472877794,1.7000000000000002,False,bm3d,21.555926629403448,0.813662329056644,21.62165664140941,0.8813917894035688
ct3.png,7500,9.196647472877794,1.8000000000000003,False,nlmeans,21.555926629403448,0.813662329056644,21.606907922658483,0.8544568948677784
ct3.png,7500,9.196647472877794,1.8000000000000003,False,bm3d,21.555926629403448,0.813662329056644,21.657014989458556,0.8806524739094784
ct3.png,7500,9.196647472877794,1.9000000000000001,False,nlmeans,21.555926629403448,0.813662329056644,21.56006485364852,0.8511934926337523
ct3.png,7500,9.196647472877794,1.9000000000000001,False,bm3d,21.555926629403448,0.813662329056644,21.62846050119956,0.8785777507475037
ct3.png,7500,9.196647472877794,2.0,False,nlmeans,21.555926629403448,0.813662329056644,21.513448938913523,0.8480107037087005
ct3.png,7500,9.196647472877794,2.0,False,bm3d,21.555926629403448,0.813662329056644,21.636965950556778,0.8777156479377239
ct3.png,7500,9.196647472877794,2.1,False,nlmeans,21.555926629403448,0.813662329056644,21.467397443346563,0.8448009806045428
ct3.png,7500,9.196647472877794,2.1,False,bm3d,21.555926629403448,0.813662329056644,21.618216064572422,0.8762959083851051
ct3.png,7500,9.196647472877794,2.2,False,nlmeans,21.555926629403448,0.813662329056644,21.421398753498103,0.8416450162100725
ct3.png,7500,9.196647472877794,2.2,False,bm3d,21.555926629403448,0.813662329056644,21.620610321162573,0.8750837063705784
ct3.png,7500,9.196647472877794,2.3000000000000003,False,nlmeans,21.555926629403448,0.813662329056644,21.376037416023635,0.8385152173219087
ct3.png,7500,9.196647472877794,2.3000000000000003,False,bm3d,21.555926629403448,0.813662329056644,21.585909362727648,0.8736749719613089
ct3.png,7500,9.196647472877794,2.4000000000000004,False,nlmeans,21.555926629403448,0.813662329056644,21.33104940275452,0.8354579515815984
ct3.png,7500,9.196647472877794,2.4000000000000004,False,bm3d,21.555926629403448,0.813662329056644,21.615067927223937,0.8732320064294301
ct3.png,7500,9.196647472877794,2.5000000000000004,False,nlmeans,21.555926629403448,0.813662329056644,21.28553966421318,0.8322839857413884
ct3.png,7500,9.196647472877794,2.5000000000000004,False,bm3d,21.555926629403448,0.813662329056644,21.580494857227905,0.8721906629116774
ct3.png,7500,9.196647472877794,2.6,False,nlmeans,21.555926629403448,0.813662329056644,21.241221627876747,0.8291379505190691
ct3.png,7500,9.196647472877794,2.6,False,bm3d,21.555926629403448,0.813662329056644,21.598130431677717,0.8716226774997354
ct3.png,7500,9.196647472877794,2.7,False,nlmeans,21.555926629403448,0.813662329056644,21.196570365878557,0.8260790876514438
ct3.png,7500,9.196647472877794,2.7,False,bm3d,21.555926629403448,0.813662329056644,21.576635757217176,0.8703889584109288
ct3.png,7500,9.196647472877794,2.8000000000000003,False,nlmeans,21.555926629403448,0.813662329056644,21.153893431396288,0.8232365610033834
ct3.png,7500,9.196647472877794,2.8000000000000003,False,bm3d,21.555926629403448,0.813662329056644,21.53260227510235,0.8691927919262705
ct3.png,7500,9.196647472877794,2.9000000000000004,False,nlmeans,21.555926629403448,0.813662329056644,21.110325202127488,0.8204196024130082
ct3.png,7500,9.196647472877794,2.9000000000000004,False,bm3d,21.555926629403448,0.813662329056644,21.55361978867838,0.8687068803526128
ct3.png,3000,12.13880566401462,0.01,True,nlmeans,20.076499013966036,0.7545072282974097,20.0765505385357,0.754513243230811
ct3.png,3000,12.13880566401462,0.01,True,bm3d,20.076499013966036,0.7545072282974097,20.07865589308057,0.7548318336063132
ct3.png,3000,12.13880566401462,0.015,True,nlmeans,20.076499013966036,0.7545072282974097,20.076616196296367,0.7545199468493511
ct3.png,3000,12.13880566401462,0.015,True,bm3d,20.076499013966036,0.7545072282974097,20.08411728043782,0.7560665942006957
ct3.png,3000,12.13880566401462,0.019999999999999997,True,nlmeans,20.076499013966036,0.7545072282974097,20.076613188257202,0.7545839860210276
ct3.png,3000,12.13880566401462,0.019999999999999997,True,bm3d,20.076499013966036,0.7545072282974097,20.100228139727182,0.7575516519983626
ct3.png,3000,12.13880566401462,0.024999999999999998,True,nlmeans,20.076499013966036,0.7545072282974097,20.08045241529464,0.7555219879576974
ct3.png,3000,12.13880566401462,0.024999999999999998,True,bm3d,20.076499013966036,0.7545072282974097,20.128188864652138,0.7599705911768652
ct3.png,3000,12.13880566401462,0.03,True,nlmeans,20.076499013966036,0.7545072282974097,20.122906663918073,0.7606957683756175
ct3.png,3000,12.13880566401462,0.03,True,bm3d,20.076499013966036,0.7545072282974097,20.170497581944858,0.7638543753456217
ct3.png,3000,12.13880566401462,0.034999999999999996,True,nlmeans,20.076499013966036,0.7545072282974097,20.230514033508292,0.7735250297253944
ct3.png,3000,12.13880566401462,0.034999999999999996,True,bm3d,20.076499013966036,0.7545072282974097,20.231612539651227,0.7699659140174139
ct3.png,3000,12.13880566401462,0.039999999999999994,True,nlmeans,20.076499013966036,0.7545072282974097,20.36778886355835,0.7921590217852859
ct3.png,3000,12.13880566401462,0.039999999999999994,True,bm3d,20.076499013966036,0.7545072282974097,20.3114459925402,0.778881431841725
ct3.png,3000,12.13880566401462,0.045,True,nlmeans,20.076499013966036,0.7545072282974097,20.482919286605323,0.8102712449946001
ct3.png,3000,12.13880566401462,0.045,True,bm3d,20.076499013966036,0.7545072282974097,20.403149686877768,0.7906911716698158
ct3.png,3000,12.13880566401462,0.049999999999999996,True,nlmeans,20.076499013966036,0.7545072282974097,20.553570424624272,0.8230472222151808
ct3.png,3000,12.13880566401462,0.049999999999999996,True,bm3d,20.076499013966036,0.7545072282974097,20.495931356796664,0.8049920863000299
ct3.png,3000,12.13880566401462,0.05499999999999999,True,nlmeans,20.076499013966036,0.7545072282974097,20.585605641033496,0.8301728007988799
ct3.png,3000,12.13880566401462,0.05499999999999999,True,bm3d,20.076499013966036,0.7545072282974097,20.57752107265014,0.819871850559806
ct3.png,3000,12.13880566401462,0.05999999999999999,True,nlmeans,20.076499013966036,0.7545072282974097,20.590879360359267,0.8330615286173922
ct3.png,3000,12.13880566401462,0.05999999999999999,True,bm3d,20.076499013966036,0.7545072282974097,20.640365354811088,0.8330284677060238
ct3.png,3000,12.13880566401462,0.06499999999999999,True,nlmeans,20.076499013966036,0.7545072282974097,20.580923095623778,0.8341729279909466
ct3.png,3000,12.13880566401462,0.06499999999999999,True,bm3d,20.076499013966036,0.7545072282974097,20.683367856568907,0.8427223417134003
ct3.png,3000,12.13880566401462,0.06999999999999999,True,nlmeans,20.076499013966036,0.7545072282974097,20.56191596388426,0.8337319847130837
ct3.png,3000,12.13880566401462,0.06999999999999999,True,bm3d,20.076499013966036,0.7545072282974097,20.70815701204079,0.8487945738527638
ct3.png,3000,12.13880566401462,0.07499999999999998,True,nlmeans,20.076499013966036,0.7545072282974097,20.536866154009616,0.8323822561565822
ct3.png,3000,12.13880566401462,0.07499999999999998,True,bm3d,20.076499013966036,0.7545072282974097,20.721926065389038,0.8520961742014259
ct3.png,3000,12.13880566401462,0.07999999999999999,True,nlmeans,20.076499013966036,0.7545072282974097,20.507074073541247,0.8304525088119429
ct3.png,3000,12.13880566401462,0.07999999999999999,True,bm3d,20.076499013966036,0.7545072282974097,20.72711803676137,0.8531873925705337
ct3.png,3000,12.13880566401462,0.08499999999999998,True,nlmeans,20.076499013966036,0.7545072282974097,20.474753081879417,0.8283332722464866
ct3.png,3000,12.13880566401462,0.08499999999999998,True,bm3d,20.076499013966036,0.7545072282974097,20.72624267524813,0.8532227916775623
ct3.png,3000,12.13880566401462,0.08999999999999998,True,nlmeans,20.076499013966036,0.7545072282974097,20.437643511806698,0.8257864100583406
ct3.png,3000,12.13880566401462,0.08999999999999998,True,bm3d,20.076499013966036,0.7545072282974097,20.72186411987169,0.8525987574582531
ct3.png,3000,12.13880566401462,0.09499999999999999,True,nlmeans,20.076499013966036,0.7545072282974097,20.398945675735973,0.8232654153181492
ct3.png,3000,12.13880566401462,0.09499999999999999,True,bm3d,20.076499013966036,0.7545072282974097,20.71554436574008,0.8516567453050412
ct3.png,3000,12.13880566401462,0.09999999999999998,True,nlmeans,20.076499013966036,0.7545072282974097,20.356461870986763,0.8204779845506357
ct3.png,3000,12.13880566401462,0.09999999999999998,True,bm3d,20.076499013966036,0.7545072282974097,20.70935051708061,0.8505667446342129
ct3.png,3000,12.13880566401462,0.10499999999999998,True,nlmeans,20.076499013966036,0.7545072282974097,20.311951804251844,0.8176034916064192
ct3.png,3000,12.13880566401462,0.10499999999999998,True,bm3d,20.076499013966036,0.7545072282974097,20.702185956148522,0.8495092218487224
ct3.png,3000,12.13880566401462,0.10999999999999997,True,nlmeans,20.076499013966036,0.7545072282974097,20.265767567417853,0.8146732995932121
ct3.png,3000,12.13880566401462,0.10999999999999997,True,bm3d,20.076499013966036,0.7545072282974097,20.69460795201715,0.8484010591311864
ct3.png,3000,12.13880566401462,0.11499999999999998,True,nlmeans,20.076499013966036,0.7545072282974097,20.2192767278908,0.8117526190366674
ct3.png,3000,12.13880566401462,0.11499999999999998,True,bm3d,20.076499013966036,0.7545072282974097,20.687680440158083,0.8473514217024534
ct3.png,3000,12.13880566401462,0.11999999999999998,True,nlmeans,20.076499013966036,0.7545072282974097,20.174113605350456,0.8088557654802042
ct3.png,3000,12.13880566401462,0.11999999999999998,True,bm3d,20.076499013966036,0.7545072282974097,20.681287309549813,0.8463830311476853
ct3.png,3000,12.13880566401462,0.12499999999999997,True,nlmeans,20.076499013966036,0.7545072282974097,20.128905517186855,0.8058438540691496
ct3.png,3000,12.13880566401462,0.12499999999999997,True,bm3d,20.076499013966036,0.7545072282974097,20.67279709413716,0.845462561747457
ct3.png,3000,12.13880566401462,0.12999999999999998,True,nlmeans,20.076499013966036,0.7545072282974097,20.085271946494196,0.8029716276060416
ct3.png,3000,12.13880566401462,0.12999999999999998,True,bm3d,20.076499013966036,0.7545072282974097,20.666067967174296,0.8445655336850778
ct3.png,3000,12.13880566401462,0.13499999999999998,True,nlmeans,20.076499013966036,0.7545072282974097,20.042560994075565,0.8001136728535053
ct3.png,3000,12.13880566401462,0.13499999999999998,True,bm3d,20.076499013966036,0.7545072282974097,20.65793241407202,0.8437102309847352
ct3.png,3000,12.13880566401462,0.13999999999999999,True,nlmeans,20.076499013966036,0.7545072282974097,20.000427591560317,0.7971328061899066
ct3.png,3000,12.13880566401462,0.13999999999999999,True,bm3d,20.076499013966036,0.7545072282974097,20.649355404316086,0.8428092439161137
ct3.png,3000,12.13880566401462,0.145,True,nlmeans,20.076499013966036,0.7545072282974097,19.959784291613115,0.7942757202345657
ct3.png,3000,12.13880566401462,0.145,True,bm3d,20.076499013966036,0.7545072282974097,20.640920355791195,0.8418990487765726
ct3.png,3000,12.13880566401462,0.15,True,nlmeans,20.076499013966036,0.7545072282974097,19.92020676016226,0.7914689436230299
ct3.png,3000,12.13880566401462,0.15,True,bm3d,20.076499013966036,0.7545072282974097,20.63263496372596,0.8410717666307259
ct3.png,3000,12.13880566401462,0.155,True,nlmeans,20.076499013966036,0.7545072282974097,19.88210736260049,0.7886580987581534
ct3.png,3000,12.13880566401462,0.155,True,bm3d,20.076499013966036,0.7545072282974097,20.62411451551318,0.8402391653112629
ct3.png,3000,12.13880566401462,0.15999999999999998,True,nlmeans,20.076499013966036,0.7545072282974097,19.84469315207985,0.7859536303063938
ct3.png,3000,12.13880566401462,0.15999999999999998,True,bm3d,20.076499013966036,0.7545072282974097,20.615560373012315,0.839410269093176
ct3.png,3000,12.13880566401462,0.16499999999999998,True,nlmeans,20.076499013966036,0.7545072282974097,19.80862557588936,0.7833589311420316
ct3.png,3000,12.13880566401462,0.16499999999999998,True,bm3d,20.076499013966036,0.7545072282974097,20.607360184069275,0.8386394995920454
ct3.png,3000,12.13880566401462,0.16999999999999998,True,nlmeans,20.076499013966036,0.7545072282974097,19.773468647766727,0.7808054151821558
ct3.png,3000,12.13880566401462,0.16999999999999998,True,bm3d,20.076499013966036,0.7545072282974097,20.5984226670345,0.8378446591872978
ct3.png,3000,12.13880566401462,0.175,True,nlmeans,20.076499013966036,0.7545072282974097,19.739352847585053,0.7783798149014568
ct3.png,3000,12.13880566401462,0.175,True,bm3d,20.076499013966036,0.7545072282974097,20.590817592217043,0.8371140611071782
ct3.png,3000,12.13880566401462,0.18,True,nlmeans,20.076499013966036,0.7545072282974097,19.70630929564168,0.7760326370588095
ct3.png,3000,12.13880566401462,0.18,True,bm3d,20.076499013966036,0.7545072282974097,20.582034302846218,0.8363192803611523
ct3.png,3000,12.13880566401462,0.18499999999999997,True,nlmeans,20.076499013966036,0.7545072282974097,19.674119924415052,0.7736320101613416
ct3.png,3000,12.13880566401462,0.18499999999999997,True,bm3d,20.076499013966036,0.7545072282974097,20.573285022141064,0.8355239778581867
ct3.png,3000,12.13880566401462,0.18999999999999997,True,nlmeans,20.076499013966036,0.7545072282974097,19.641871924941633,0.7711257746372536
ct3.png,3000,12.13880566401462,0.18999999999999997,True,bm3d,20.076499013966036,0.7545072282974097,20.56429536947727,0.8347727465785346
ct3.png,3000,12.13880566401462,0.19499999999999998,True,nlmeans,20.076499013966036,0.7545072282974097,19.60974477598134,0.7685503338495391
ct3.png,3000,12.13880566401462,0.19499999999999998,True,bm3d,20.076499013966036,0.7545072282974097,20.556017770784084,0.834032496041737
ct3.png,3000,12.13880566401462,0.19999999999999998,True,nlmeans,20.076499013966036,0.7545072282974097,19.577704390572475,0.766074380261357
ct3.png,3000,12.13880566401462,0.19999999999999998,True,bm3d,20.076499013966036,0.7545072282974097,20.54814485230756,0.8333963896355312
ct3.png,3000,12.13880566401462,0.205,True,nlmeans,20.076499013966036,0.7545072282974097,19.54568943906473,0.7637912521635197
ct3.png,3000,12.13880566401462,0.205,True,bm3d,20.076499013966036,0.7545072282974097,20.53931569872665,0.8326301983047398
ct3.png,3000,12.13880566401462,0.20999999999999996,True,nlmeans,20.076499013966036,0.7545072282974097,19.513186926491237,0.7615159362744908
ct3.png,3000,12.13880566401462,0.20999999999999996,True,bm3d,20.076499013966036,0.7545072282974097,20.529711847608255,0.83177561667866
ct3.png,3000,12.13880566401462,0.21499999999999997,True,nlmeans,20.076499013966036,0.7545072282974097,19.479906481109502,0.7592791874291694
ct3.png,3000,12.13880566401462,0.21499999999999997,True,bm3d,20.076499013966036,0.7545072282974097,20.521513601897524,0.8310995084402661
ct3.png,3000,12.13880566401462,0.21999999999999997,True,nlmeans,20.076499013966036,0.7545072282974097,19.445405135377364,0.756958630874773
ct3.png,3000,12.13880566401462,0.21999999999999997,True,bm3d,20.076499013966036,0.7545072282974097,20.511788842994285,0.8303811610028436
ct3.png,3000,12.13880566401462,0.22499999999999998,True,nlmeans,20.076499013966036,0.7545072282974097,19.41161337039129,0.7547003765818112
ct3.png,3000,12.13880566401462,0.22499999999999998,True,bm3d,20.076499013966036,0.7545072282974097,20.50221668876507,0.829655614594775
ct3.png,3000,12.13880566401462,0.22999999999999998,True,nlmeans,20.076499013966036,0.7545072282974097,19.37823880254846,0.7524810052703358
ct3.png,3000,12.13880566401462,0.22999999999999998,True,bm3d,20.076499013966036,0.7545072282974097,20.493809301199704,0.8289551840184962
ct3.png,3000,12.13880566401462,0.235,True,nlmeans,20.076499013966036,0.7545072282974097,19.345663536889333,0.7502407912374305
ct3.png,3000,12.13880566401462,0.235,True,bm3d,20.076499013966036,0.7545072282974097,20.485097476332086,0.8282851522448694
ct3.png,3000,12.13880566401462,0.23999999999999996,True,nlmeans,20.076499013966036,0.7545072282974097,19.314505008902,0.7479852858266353
ct3.png,3000,12.13880566401462,0.23999999999999996,True,bm3d,20.076499013966036,0.7545072282974097,20.47587858557727,0.8275480294713987
ct3.png,3000,12.13880566401462,0.24499999999999997,True,nlmeans,20.076499013966036,0.7545072282974097,19.283446271636468,0.7457038002991191
ct3.png,3000,12.13880566401462,0.24499999999999997,True,bm3d,20.076499013966036,0.7545072282974097,20.467045953924586,0.8268655317269992
ct3.png,3000,12.13880566401462,0.1,False,nlmeans,20.076499013966036,0.7545072282974097,20.07654185166304,0.7545129794418838
ct3.png,3000,12.13880566401462,0.1,False,bm3d,20.076499013966036,0.7545072282974097,20.069277492144906,0.7565367186730454
ct3.png,3000,12.13880566401462,0.2,False,nlmeans,20.076499013966036,0.7545072282974097,20.07667228623593,0.7545257649686004
ct3.png,3000,12.13880566401462,0.2,False,bm3d,20.076499013966036,0.7545072282974097,20.072275611804812,0.7566846366853169
ct3.png,3000,12.13880566401462,0.30000000000000004,False,nlmeans,20.076499013966036,0.7545072282974097,20.078263721948222,0.7546197575783123
ct3.png,3000,12.13880566401462,0.30000000000000004,False,bm3d,20.076499013966036,0.7545072282974097,20.07638230153715,0.7569894362357195
ct3.png,3000,12.13880566401462,0.4,False,nlmeans,20.076499013966036,0.7545072282974097,20.083455197360717,0.7555419109839744
ct3.png,3000,12.13880566401462,0.4,False,bm3d,20.076499013966036,0.7545072282974097,20.09608944678483,0.7592013651142632
ct3.png,3000,12.13880566401462,0.5,False,nlmeans,20.076499013966036,0.7545072282974097,20.119120736343742,0.7611160704920562
ct3.png,3000,12.13880566401462,0.5,False,bm3d,20.076499013966036,0.7545072282974097,20.11584819598106,0.7629524380829479
ct3.png,3000,12.13880566401462,0.6,False,nlmeans,20.076499013966036,0.7545072282974097,20.243023952636673,0.7766721737328163
ct3.png,3000,12.13880566401462,0.6,False,bm3d,20.076499013966036,0.7545072282974097,20.146412532360813,0.7695899006994434
ct3.png,3000,12.13880566401462,0.7000000000000001,False,nlmeans,20.076499013966036,0.7545072282974097,20.403911226122823,0.7985228649925192
ct3.png,3000,12.13880566401462,0.7000000000000001,False,bm3d,20.076499013966036,0.7545072282974097,20.21038846912373,0.7802834489888526
ct3.png,3000,12.13880566401462,0.8,False,nlmeans,20.076499013966036,0.7545072282974097,20.521437471612444,0.8176351664724856
ct3.png,3000,12.13880566401462,0.8,False,bm3d,20.076499013966036,0.7545072282974097,20.291855147912425,0.7950253493687748
ct3.png,3000,12.13880566401462,0.9,False,nlmeans,20.076499013966036,0.7545072282974097,20.57477138110969,0.8291374131960277
ct3.png,3000,12.13880566401462,0.9,False,bm3d,20.076499013966036,0.7545072282974097,20.355169774578602,0.81137419581597
ct3.png,3000,12.13880566401462,1.0,False,nlmeans,20.076499013966036,0.7545072282974097,20.583046343284227,0.8337827174298112
ct3.png,3000,12.13880566401462,1.0,False,bm3d,20.076499013966036,0.7545072282974097,20.40645800390239,0.8269206609743595
ct3.png,3000,12.13880566401462,1.1,False,nlmeans,20.076499013966036,0.7545072282974097,20.565089268424188,0.8341057703109366
ct3.png,3000,12.13880566401462,1.1,False,bm3d,20.076499013966036,0.7545072282974097,20.425251209967996,0.83787658208523
ct3.png,3000,12.13880566401462,1.2000000000000002,False,nlmeans,20.076499013966036,0.7545072282974097,20.532925500703687,0.8326104336862636
ct3.png,3000,12.13880566401462,1.2000000000000002,False,bm3d,20.076499013966036,0.7545072282974097,20.42674722766753,0.844156007504899
ct3.png,3000,12.13880566401462,1.3000000000000003,False,nlmeans,20.076499013966036,0.7545072282974097,20.4920541637662,0.8301657079141423
ct3.png,3000,12.13880566401462,1.3000000000000003,False,bm3d,20.076499013966036,0.7545072282974097,20.45297391883541,0.8478292098120068
ct3.png,3000,12.13880566401462,1.4000000000000001,False,nlmeans,20.076499013966036,0.7545072282974097,20.439098759469413,0.8268976167982459
ct3.png,3000,12.13880566401462,1.4000000000000001,False,bm3d,20.076499013966036,0.7545072282974097,20.447889647861267,0.8484835904450218
ct3.png,3000,12.13880566401462,1.5000000000000002,False,nlmeans,20.076499013966036,0.7545072282974097,20.38113222779918,0.8233547105144221
ct3.png,3000,12.13880566401462,1.5000000000000002,False,bm3d,20.076499013966036,0.7545072282974097,20.431108381249864,0.8478374614562091
ct3.png,3000,12.13880566401462,1.6,False,nlmeans,20.076499013966036,0.7545072282974097,20.322907554316497,0.8195498735828872
ct3.png,3000,12.13880566401462,1.6,False,bm3d,20.076499013966036,0.7545072282974097,20.43438065863322,0.8468448049252425
ct3.png,3000,12.13880566401462,1.7000000000000002,False,nlmeans,20.076499013966036,0.7545072282974097,20.26548249930793,0.8156151385660412
ct3.png,3000,12.13880566401462,1.7000000000000002,False,bm3d,20.076499013966036,0.7545072282974097,20.414911784365238,0.8453610218987954
ct3.png,3000,12.13880566401462,1.8000000000000003,False,nlmeans,20.076499013966036,0.7545072282974097,20.20845605430023,0.8116990873239756
ct3.png,3000,12.13880566401462,1.8000000000000003,False,bm3d,20.076499013966036,0.7545072282974097,20.415940094481144,0.8440604180719494
ct3.png,3000,12.13880566401462,1.9000000000000001,False,nlmeans,20.076499013966036,0.7545072282974097,20.15243391076128,0.8075496819646198
ct3.png,3000,12.13880566401462,1.9000000000000001,False,bm3d,20.076499013966036,0.7545072282974097,20.409444655898177,0.8429906637445727
ct3.png,3000,12.13880566401462,2.0,False,nlmeans,20.076499013966036,0.7545072282974097,20.09803654810969,0.8036061301974207
ct3.png,3000,12.13880566401462,2.0,False,bm3d,20.076499013966036,0.7545072282974097,20.397284205805967,0.8418713534903426
ct3.png,3000,12.13880566401462,2.1,False,nlmeans,20.076499013966036,0.7545072282974097,20.04575939098388,0.7996798968392982
ct3.png,3000,12.13880566401462,2.1,False,bm3d,20.076499013966036,0.7545072282974097,20.395555192917314,0.8409417413262268
ct3.png,3000,12.13880566401462,2.2,False,nlmeans,20.076499013966036,0.7545072282974097,19.994829582816035,0.7957712539157173
ct3.png,3000,12.13880566401462,2.2,False,bm3d,20.076499013966036,0.7545072282974097,20.39762711465095,0.8400492584337491
ct3.png,3000,12.13880566401462,2.3000000000000003,False,nlmeans,20.076499013966036,0.7545072282974097,19.945836456907806,0.7920747821925553
ct3.png,3000,12.13880566401462,2.3000000000000003,False,bm3d,20.076499013966036,0.7545072282974097,20.37070943484614,0.8387898799426471
ct3.png,3000,12.13880566401462,2.4000000000000004,False,nlmeans,20.076499013966036,0.7545072282974097,19.89854780298549,0.7885706426918134
ct3.png,3000,12.13880566401462,2.4000000000000004,False,bm3d,20.076499013966036,0.7545072282974097,20.360341437202774,0.83771016675544
ct3.png,3000,12.13880566401462,2.5000000000000004,False,nlmeans,20.076499013966036,0.7545072282974097,19.853336889674445,0.7850598781721906
ct3.png,3000,12.13880566401462,2.5000000000000004,False,bm3d,20.076499013966036,0.7545072282974097,20.349580070891626,0.8366701427737575
ct3.png,3000,12.13880566401462,2.6,False,nlmeans,20.076499013966036,0.7545072282974097,19.80901049808089,0.7813320492356665
ct3.png,3000,12.13880566401462,2.6,False,bm3d,20.076499013966036,0.7545072282974097,20.33463202607131,0.8357704650271292
ct3.png,3000,12.13880566401462,2.7,False,nlmeans,20.076499013966036,0.7545072282974097,19.766214042765856,0.7778302902992322
ct3.png,3000,12.13880566401462,2.7,False,bm3d,20.076499013966036,0.7545072282974097,20.282284104325214,0.8340496573538599
ct3.png,3000,12.13880566401462,2.8000000000000003,False,nlmeans,20.076499013966036,0.7545072282974097,19.723499400288866,0.7745902240381491
ct3.png,3000,12.13880566401462,2.8000000000000003,False,bm3d,20.076499013966036,0.7545072282974097,20.300787782203,0.8335833139936397
ct3.png,3000,12.13880566401462,2.9000000000000004,False,nlmeans,20.076499013966036,0.7545072282974097,19.681113639728494,0.7713966258919444
ct3.png,3000,12.13880566401462,2.9000000000000004,False,bm3d,20.076499013966036,0.7545072282974097,20.26831624406774,0.8324027795160895
